url,label
https://213890238095.xyz/,1
http://applefanshub.com/%F0%9D%97%B7%F0%9D%97%BD%F0%9D%98%AD%F0%9D%97%AE%F0%9D%98%82%F0%9D%98%81%F0%9D%97%B5%F0%9D%98%AD%F0%9D%97%BF%F0%9D%97%B2%F0%9D%97%AE%F0%9D%97%B9%F0%9D%97%BA%F0%9D%98%80%F0%9D%98%AD%F0%9D%97%BA%F0%9D%98%80%F0%9D%98%84%F0%9D%97%B2%F0%9D%97%AF%F0%9D%98%AD%F0%9D%97%BD%F0%9D%97%BF%F0%9D%97%BC%F0%9D%98%81%F0%9D%97%BC%F0%9D%97%B0%F0%9D%97%BC%F0%9D%97%B9%F0%9D%98%AD%F0%9D%97%BC%F0%9D%97%BD%F0%9D%97%B2%F0%9D%97%BB%F0%9D%97%B6%F0%9D%97%B1-%F0%9D%97%B0%F0%9D%97%BC%F0%9D%97%BB%F0%9D%97%BB%F0%9D%97%B2%F0%9D%97%B0%F0%9D%98%81%F0%9D%98%AD%F0%9D%97%AE%F0%9D%98%82%F0%9D%98%81%F0%9D%97%B5,1
https://ipfs.io/ipfs/bafkreidsosmqqhzprlnzylh6kl2a6gmgnmv4gyajxqgam45x5mn4lpjrta,1
http://dub.sh/0cqaevf,1
https://homemarketerkjfhgjfkdf.square.site/,1
https://www.assistancepaiementleboncoin.net/?shiny=,1
http://verification-center-10003277922.chateauxsharland.co.uk/,1
https://shorten.ee/@23protectyouraccount_id10033479,1
http://www.alfolw.dk/[email%C3%83%C2%83%C3%82%C2%83%C3%83%C2%82%C3%82%C2%83%C3%83%C2%83%C3%82%C2%82%C3%83%C2%82%C3%82%C2%83%C3%83%C2%83%C3%82%C2%83%C3%83%C2%82%C3%82%C2%82%C3%83%C2%83%C3%82%C2%82%C3%83%C2%82%C3%82%C2%83%C3%83%C2%83%C3%82%C2%83%C3%83%C2%82%C3%82%C2%83%C3%83%C2%83%C3%82%C2%82%C3%83%C2%82%C3%82%C2%82%C3%83%C2%83%C3%82%C2%83%C3%83%C2%82%C3%82%C2%82%C3%83%C2%83%C3%82%C2%82%C3%83%C2%82%C3%82%C2%82protected].zip,1
http://case-id-1000228262464.counselschambers.co.uk/,1
https://ankurduttahq.github.io/Amazon_clone,1
https://shaw-105592.weeblysite.com/,1
https://home-100664.weeblysite.com/,1
https://home-101662.weeblysite.com/,1
https://huguenothundred.org/ps/auth/,1
https://payment.rhbkred.com/,1
https://home-103521.weeblysite.com/,1
https://staemcomunuity.com/gift/id=5495914643,1
https://currently56798.weebly.com/,1
http://www.blizzardcustomersupport.com/,1
https://logon.auth-verify.microsoftonline.supporttdev.com/Login/authprovider/jkghekhgeuk5hg!!w4tw4t4t45555,1
https://joshua387.github.io/facebook-signup-page,1
http://ammbiilkpponmndirimu.wbsitresmi.web.id/,1
https://issm-eopd.com/inde1/pre-auth/def,1
https://mpride-thailandprivilegecard.com/mn/index.html,1
https://s.team-c.cc/p/fhtba-mrgtaw/nvjpomdwxw/,1
https://stemcommuniuty.com/glft/00101,1
http://abeltomy05.github.io/NetflixClone,1
https://dynpoke.smtpgooddsrvz.my.id/,1
https://uditainpixels.github.io/GSQ-Netflix-Clone,1
http://case-id-1000228282840.counselschambers.co.uk/,1
http://case-id-1000228246217.counselschambers.co.uk/,1
http://case-id-1000228268906.counselschambers.co.uk/,1
http://case-id-1000228278170.counselschambers.co.uk/,1
http://case-id-1000228246315.counselschambers.co.uk/,1
http://case-id-1000228246316.counselschambers.co.uk/,1
http://case-id-1000228254850.counselschambers.co.uk/,1
http://case-id-1000228263267.counselschambers.co.uk/,1
https://yutafreitas.github.io/clone_instagram,1
http://wap.goohf.cn/,1
https://christelschulte82.wixsite.com/my-site-1,1
http://buttercup-polyester-asphalt.glitch.me/,1
https://ventaselcerrito.com/rack/Rackspace/Rackspace.html,1
https://espana-wetrans-download.vercel.app/,1
https://atplink.com/chatreviewpagechecker24h,1
http://srv689405.hstgr.cloud/,1
https://indd.cristianpierce.workers.dev/,1
http://auth.cantustore.com.br/,1
https://551006r.cc/,1
http://073202.com/education_redirect_second/8c5781c2-7b1e-4035-b1d7-990e269e5380,1
https://page-104041.weeblysite.com/,1
https://currently22.weebly.com/,1
https://page-108343.weeblysite.com/,1
https://huijk89euyuhjivkioefuet.weebly.com/,1
https://gujyjiihkjhh.weebly.com/,1
https://steamecommunnity.com/104291862,1
https://stemegift.com/s/104291862/,1
https://11528ad.wcomhost.com/,1
http://drive.google.onetimelogon.com/,1
http://h5.asgotoshoping.com/,1
https://pancake-eat-about.at/,1
http://l86365.com/,1
http://hvnnews.com/secure.html,1
http://www.c77t.xyz/,1
https://securedvalidatechase-xfzljueq.4everland.app/,1
http://www.homenestlerhokias.cloud/,1
http://phishing.bytemarkhub.com/,1
http://idorangefr17.weebly.com/,1
https://logie--treixor-web.webflow.io/,1
https://support--trezorh-wllet.webflow.io/,1
https://mriktamsklogin.webflow.io/,1
https://bridge-trezrrs.webflow.io/,1
https://trezor-wllet-learn.webflow.io/,1
https://learn-enwallet-trezors.webflow.io/,1
https://blog-en-ladgerkmstrt.webflow.io/,1
https://sport-en-ladgrcomstar.webflow.io/,1
https://logn-auth-trozor.webflow.io/,1
https://support--app-ledgrlive.webflow.io/,1
https://suite-index-suite.webflow.io/,1
https://ledgerl--desktop.webflow.io/,1
http://chase-link.netlify.app/,1
https://ishortn.ink/hYwbtma84,1
https://www.meccajid.com/,1
https://sttemcommunnilty.com/gift/7651232566435,1
https://dapp-starter.productsway.com/,1
https://steamcommmulty.com/tradofferr/new/partner=86339537,1
http://www.mclyfw.cn/,1
http://www.lntarac-0rder103819a.biz/get/1740778852120/,1
https://mobile-facebook.com.vn/1X6EfIHrAgAdjHS8hSVJ6v?v,1
http://imbrk15.github.io/HTML-and-CSS-Level-2-Projects-M-22---HTML-and-CSS-Mini-Project--June-22-Batch---cjw5xs2pzhuk/,1
http://soporte.toyota.ip-ddns.com/?rid=jwqf7L2,1
https://ipfs.io/ipns/k51qzi5uqu5dl0ki7jzz0dceux9cj49nz37g14vys07ydqfadtz66977pof09n/,1
http://ledgerr-live-logins.webflow.io/,1
https://klaiimhadiaa4h-danaiid.fiile-resmii.xyz/,1
https://aktiifkaanpaylaterrs4.upresmi2.com/,1
http://required-service-violation-info.netlify.app/,1
http://binance-dichiarazione-modulo.wallet-sow.com/,1
https://pcmpconsulting.com/nunas-ningeh-idupne/wantah-pisagane-katebasrikala-katambaningosip-27743.html/,1
https://allegrolokalnie.pl-propozycje-84124.icu/aukcja/konsola-ps5-z-napedem-gry-i-akcesoria-160937,1
https://coincommon.com/,1
http://s.team-friends-invite.com/,1
http://6336563365.com/,1
http://mall.tkshoppingt.com/,1
https://mail.raofuturefinance.com.au/rbfcu/login/ses/session_questions.php,1
http://eng.york-engineeringinc.com/,1
https://multichain-network.pages.dev/,1
http://user-verified-account-warning.ubpages.com/,1
https://im.fgjt.org/,1
http://case-id-1000228280618.counselschambers.co.uk/,1
http://case-id-1000228264596.counselschambers.co.uk/,1
https://manoharmayank.github.io/Amazon-Clone,1
https://mulukent-dev1.github.io/Netflix-Clone,1
https://dnaidnsiax.resmiiniid9.my.id/,1
https://shreyastek1.github.io/AutoMalwareDownload,1
http://case-id-1000228246220.counselschambers.co.uk/,1
http://case-id-1000228254440.counselschambers.co.uk/,1
http://case-id-1000228266496.counselschambers.co.uk/,1
http://case-id-1000228254288.counselschambers.co.uk/,1
https://meta2025-faq-bussines-reviewrequest-929.ubpages.com/3423-7863,1
https://supportfacebook-meta.ubpages.com/facebooksupport-1,1
https://steamcomnmunity.shop/app/1643320/STALKER_2_Heart_of_Chornobyl,1
https://yagla.tv/cM8XM1M,1
http://tywqas.icu/,1
https://rl12.cetak.domains/,1
https://bigwaveonline.com/COPYRIGHT/cmd/amx-news/index.html,1
http://07ahashan.github.io/Netflix-Clone-Project,1
https://stoamcoommnunlty.com/comut/asorpe/spre,1
https://in.mt/94d,1
http://odota.icmequiqment.com/sr29/ar.html,1
https://bafkreifmv35dujvf7kalxczsgnfzvjjfxocnrateyoa53vcyde3ga57w5a.ipfs.flk-ipfs.xyz/?_kx=Ub79U8TdsTS6fTswm05W4g.WqLX8x,1
http://fkjhdsfgkjfssf.wpenginepowered.com/on/vipps/,1
http://svckhc.wixsite.com/attmail/,1
http://pub-56f667a126c243baaf8d2dc27eb25fe4.r2.dev/hjikgud.html,1
http://pub-7470c56c8ecb449d8fecae77c48a5c00.r2.dev/offes.html,1
http://pub-8276494512bd4f1c9323c95cdab91fdd.r2.dev/fudjukedx.html,1
http://fareadstcafe.wixsite.com/attsettings/,1
http://pub-78c2edc007ea456bb0cf399d6167e5ae.r2.dev/civb.html,1
http://pub-5f11b9974e614f609e3a198a30489fef.r2.dev/cfrtcdex.html,1
http://talktalk2023.wixsite.com/my-site/,1
http://pub-ac9a92367c8548748bc2819d5c738f15.r2.dev/nhyujm.html,1
https://mksavnders.wixstudio.com/my-site/,1
http://mksavnders.wixstudio.io/my-site/,1
http://pub-76b52a06819c45ecb532a96f9e4c584a.r2.dev/rstui.html,1
http://pub-005ceeda28c049c5893402169635d4a4.r2.dev/Owa-Outlook.html,1
http://sparesimongroup.wixsite.com/my-site-1/,1
http://hazzasargeant5.wixsite.com/my-site-1/,1
http://pub-226f446688d84c0d868d2dff8600e34d.r2.dev/zanr.html,1
http://pub-238f01dd643c42f082469a85feccfb1c.r2.dev/nm.html,1
http://www.gwenet.org/office/,1
http://pub-b7fda1e0060f418199431736a36c9d53.r2.dev/bgvfrt.html,1
http://opencaassee10098654328.github.io/simplevrify/en/homes/,1
http://sjsmxhjm.wixsite.com/my-site/,1
http://pub-814357b3d980410c97b84c93e0f03986.r2.dev/serve.html,1
http://athigengamuthu.github.io/Insta/,1
http://merryment00998.wixsite.com/my-site-1/,1
http://mobileservice34.wixsite.com/my-site/,1
http://resultmenowxx.wixsite.com/website-1/,1
http://shawmailboxservice4.wixsite.com/my-site/,1
http://ms1mmons.wixsite.com/login-screen/,1
http://pub-519769e9eb634616b1746c2018641d56.r2.dev/zanc.html,1
http://pub-9a9bcfb9db254aa98e35aa4c9738d77f.r2.dev/nmj.html,1
http://pub-60aa6c4fb16544cbbdd32ff4151d40f4.r2.dev/poknindex.html,1
https://attattatattat.wixstudio.com/my-site20/,1
http://attattatattat.wixstudio.io/my-site20/,1
http://dsj209.wixsite.com/my-site/,1
https://xrcemooss.wixstudio.com/my-site-1/,1
http://xrcemooss.wixstudio.io/my-site-1/,1
http://pub-485c938c1a1b43b2bbc5b99155f2de68.r2.dev/giudnfud.html,1
http://pub-a5d693aae13141eba692c69827d64a0f.r2.dev/jhgmnbv.html,1
http://pub-ba3a90e958fc4ba8b2d2e72f0bc03060.r2.dev/xuxindex.html,1
http://attnet70.wixstudio.com/attyahoo/,1
http://pub-e8d896a9549a402782c75428d077b014.r2.dev/faculty.html,1
http://btadminsever33.wixsite.com/my-site-1/,1
http://mgcvuei.wixsite.com/my-site/,1
http://pub-12823fbd443740db82cdf220f279156a.r2.dev/949498939dhah9338kajk3jhh3i3.html,1
http://bafybeiehgfy5gxgf7mv34zs3kih7iatowo7n46jifuwsdozbpi23wnp64u.ipfs.w3s.link/indexba.html,1
https://zgspeaks.com/,1
https://web.selller-login.net/,1
https://issm-eopd.com/no/pre-auth/def/auth?lang=no&_gl=1*1f3cltn*_ga*MTAzMzA5NjIxMy4xNzAwNDM2MjY2*_ga_VLSLXT7RPB*MTcwMDQzNjI2Ni4xLjEuMTcwMDQzNjI3OC4wLjAuMA..*_ga_RE7CPWG4JV*MTcwMDQzNjI2Ni4xLjEuMTcwMDQzNjI3OC40OC4wLjA.,1
https://stoamcoommnunlty.com/saorp/wprw/aspre,1
https://in.mt/94b,1
https://stemcommunuity.com/gift-card/638414136482,1
https://pub-6975a679c4584497b6823bb71a5b4d6f.r2.dev/index.html,1
https://horsepowermobilecafe.com/,1
http://chezupshaw.com/wp-content/plugins/contact-form-7/includes/js/jquery-ui/themes/smoothness/images/kada/163.com,1
http://www.c78h.xyz/,1
http://case-id-1000228272362.counselschambers.co.uk/,1
http://case-id-1000228265059.colinmoffat.co.uk/,1
http://case-id-1000228265555.counselschambers.co.uk/,1
http://case-id-1000228254848.counselschambers.co.uk/,1
https://help-center-case-id-1000198773417.chrisstanton.co.uk/,1
https://att-yahoo-100479.weeblysite.com/,1
http://www.fwsptjj.cn/,1
http://wscp29.vip/,1
http://9340003.com/,1
https://pub-3256001d1e924c3bb0efa59de500146f.r2.dev/index.html,1
https://usps.com-llicee.xin/us/,1
https://scotia-6fg0a.firebaseapp.com/,1
http://www.goohf.cn/,1
https://verification-center-10003271304.chateauxsharland.co.uk/?support-id-10060482,1
https://account-5060482.bakoweb.com/?support-id-10060482,1
https://chattts-49f1.beszyrecala.workers.dev/7f3fadf8-aeb9-4872-a7ba-66=,1
https://anandhuguts.github.io/net/,1
https://fatimaa40.github.io/Fatima-s-netflix-clone/,1
https://mohamed-aitabdelmalik.github.io/NETFLIX-/,1
https://netflix-clone-nextjs-z8wc.vercel.app/login,1
https://pub-bbc26d1615d24f76bcd7bdeae66d4d5f.r2.dev/oepwjdd.html,1
https://maazbinmehboob.github.io/netflix-clone/,1
https://sudheer-ganta.github.io/Netflix-clone/,1
http://espana-wetrans-download.vercel.app/9sbG93LXJheS5nbGl0Y2gubWUvc2NyLmpzIj48L3NjcmlwdD4KPC9oZWFkPgo8Ym9keT?email=informes3@[REDACTED_DOMAIN]&%E4%89%9Bly,1
https://woolly-smiling-worm.glitch.me/public/BBQwE3.htm,1
http://www.wagntail.net/,1
http://www.drstboo.cn/,1
https://pub-7c41e5e1cc0b4274848316ccbf82481f.r2.dev/index.html,1
https://pub-e37584b85ad4432a9ef673366a7b5e28.r2.dev/index.html,1
http://leboncoin.charge874441301.cfd/buy/493549/,1
http://www.mtgileadfgim.org/dboos/,1
http://case-id-1000228283446.counselschambers.co.uk/,1
http://case-id-1000228260083.counselschambers.co.uk/,1
http://instagram-build-one.vercel.app/,1
http://www.hadiahlivin.xyzuz.web.id/,1
http://case-id-1000228280630.counselschambers.co.uk/,1
http://case-id-1000228246925.counselschambers.co.uk/,1
http://acs-8hv.pages.dev/,1
https://my-site-btinternet-ee.weeblysite.com/,1
https://garantibbvacepten.com/,1
https://pub-1ea0a31ca6624eb2a12ff93e734c19ec.r2.dev/index.html,1
https://tanvalidate.pages.dev/,1
https://poiun-imyk.vercel.app/djfhq.uyi,1
https://poitb-7iox.vercel.app/adgyf.opi,1
http://marketplace-items-8236237323.hstn.me/?i=1,1
https://minrpx.pages.dev/,1
https://owltovalidator.pages.dev/,1
https://delitc.pages.dev/,1
https://rdthed.pages.dev/,1
https://morkde.pages.dev/,1
https://soamdao.pages.dev/,1
https://swi3dap.pages.dev/,1
https://somdoi.pages.dev/,1
https://pub-688e4b4b5fc6427fa46771b2ac25f307.r2.dev/index.html,1
https://steemcommunuitly.com/gift/764190105428222,1
https://u.to/lmsMIg,1
https://well-leeward-wave.glitch.me/cbsoire.html,1
http://activacion.shop/,1
http://www.caixadirectaprotecyr.com/,1
https://case-id-1000228276441.counselschambers.co.uk/,1
https://bbqif.sbs/,1
https://case-id-1000228279558.counselschambers.co.uk/,1
https://case-id-1000228279307.counselschambers.co.uk/,1
https://case-id-1000228278016.counselschambers.co.uk/,1
https://case-id-1000228280441.counselschambers.co.uk/,1
https://case-id-1000228279248.counselschambers.co.uk/,1
https://verification-center-100096890.bridalgallerymaryville.com/,1
https://verification-center-100096591.bridalgallerymaryville.com/,1
https://verification-center-10003204850.bridalgallerymaryville.com/?support-id-10063633,1
https://abhishekkanu.github.io/Mini-Project-Netflix/,1
https://verification-center-100005430.bridalgallerymaryville.com/?support-id-10070145,1
https://verification-center-100006986.bridalgallerymaryville.com/,1
https://verification-center-10003205775.bridalgallerymaryville.com/?support-id-10042525,1
https://bitmedenalurnlriniz.com/,1
https://tokenpockvt.click/,1
https://att-107534.weeblysite.com/,1
https://case-id-1000228272363.counselschambers.co.uk/,1
https://manage-support-page.com/contract/support-case-id=520023978068091,1
https://case-id-1000228246219.counselschambers.co.uk/,1
https://case-id-1000228250875.counselschambers.co.uk/,1
https://servicesatmart.weebly.com/?+Win64&+x64)+AppleWebKit/537.36+&user-agent=Mozilla/5.0+(Windows+NT+10.0,1
https://advaitaxiom.github.io/Netflix-Clone/,1
https://orangemaill0.wixsite.com/my-site/,1
https://solucionesyadeuna.com/,1
https://garantibbvacepten.com/indexer.html,1
https://ictacademy.pk/owa-auth.asspx/,1
https://here-you-remove-violation.vercel.app/,1
https://pub-fe2732f0fa494bff9409ec9a9eea207e.r2.dev/index.html,1
https://case-id-1000228292955.counselschambers.co.uk/,1
https://case-id-1000228246926.counselschambers.co.uk/,1
https://case-id-1000228284245.counselschambers.co.uk/,1
https://case-id-1000228256446.counselschambers.co.uk/,1
https://case-id-1000228257185.counselschambers.co.uk/,1
https://verification-center-10003282924.bridalgallerymaryville.com/,1
https://case-id-1000228282577.counselschambers.co.uk/,1
https://case-id-1000228256463.counselschambers.co.uk/,1
https://case-id-1000228273094.counselschambers.co.uk/,1
https://danaindo.bantuan-resmi.top/,1
https://vosconso3738.weebly.com/,1
https://outlook-4019fb.webflow.io/,1
https://www.devicemeter.com/wp-admin/includes/_admin-filter/bookmarks/,1
https://ajay-230595.github.io/Netflix_Clone/,1
https://anoshandrews.github.io/Netflix_clone/,1
https://nandhanarajendran.github.io/FacebookFrontPage/,1
https://verification-center-100002048.bridalgallerymaryville.com/?support-id-10087942,1
https://laxmibagade.github.io/Netflix-Clone/,1
https://case-id-1000228224789.counselschambers.co.uk/,1
https://verification-center-100004585.bridalgallerymaryville.com/?support-id-10099583,1
https://case-id-1000228224715.counselschambers.co.uk/,1
https://case-id-1000228224791.counselschambers.co.uk/,1
https://ipfs.io/ipfs/bafkreifxjs6qytaykru4shjcaskishke2drgidxg5kygwcv3uwmtonoqeq,1
https://secure-blockfi--cd-cdn.webflow.io/,1
https://case-id-1000228264688.colinmoffat.co.uk/,1
https://pub-1c54b9d547e64f1e8ce6ffcc5bf4cc08.r2.dev/doc_start.html?folder=MF1hjmWhynwRmL7OzrsS&ledge,1
https://case-id-1000228279530.counselschambers.co.uk/,1
https://case-id-1000228267976.counselschambers.co.uk/,1
https://case-id-1000228264368.counselschambers.co.uk/,1
https://case-id-1000228292719.counselschambers.co.uk/,1
https://case-id-1000228282587.counselschambers.co.uk/,1
https://case-id-1000228246934.counselschambers.co.uk/,1
https://case-id-1000228247198.counselschambers.co.uk/,1
http://www.verification-center-10003263833.bridalgallerymaryville.com/,1
http://www.verification-center-10003296807.bridalgallerymaryville.com/,1
https://ipfs.io/ipfs/bafybeifbwcm2rdn7wvtgyclsai5i5ogi3hv5vb2jsu6ypeq367j6tqyz5e/fine.html,1
https://verification-center-10003252599.bviy6icp.click/,1
https://verification-center-10003252831.bviy6icp.click/?support-id-10060560,1
http://case-id-1000228267977.counselschambers.co.uk/,1
http://case-id-1000228284340.counselschambers.co.uk/,1
http://case-id-1000228272076.counselschambers.co.uk/,1
http://case-id-1000228254468.counselschambers.co.uk/,1
http://wk.quxt.org/,1
http://case-id-1000228253236.counselschambers.co.uk/,1
http://case-id-1000228249409.counselschambers.co.uk/,1
http://case-id-1000228280625.counselschambers.co.uk/,1
http://tokenpockyt.click/,1
http://tokenpockut.click/,1
https://emoitakelo.github.io/netflix-home-page,1
https://verification-center-10003266024.chateauxsharland.co.uk/?support-id-10060560,1
https://account-5060560.bakoweb.com/?support-id-10060560,1
https://instagram-flame-omega.vercel.app/,1
http://tokenpockrt.click/,1
http://tokenpockpt.click/,1
http://tokenpocknt.click/,1
http://case-id-1000228246941.counselschambers.co.uk/,1
http://case-id-1000228247174.counselschambers.co.uk/,1
http://tokenpockct.click/,1
http://case-id-1000228271118.counselschambers.co.uk/,1
http://case-id-1000228271123.counselschambers.co.uk/,1
http://case-id-1000228274999.counselschambers.co.uk/,1
http://case-id-1000228263670.counselschambers.co.uk/,1
https://penueldaimari.github.io/Amazon_Clone,1
http://case-id-1000228264790.counselschambers.co.uk/,1
http://case-id-1000228273230.counselschambers.co.uk/,1
http://case-id-1000228251510.counselschambers.co.uk/,1
https://mail.raofuturefinance.com.au/rbfcu/login/ses/session_index.php,1
https://case-id-1000228265735.counselschambers.co.uk/,1
https://juno-update-0ce779.webflow.io/,1
https://case-id-1000228261817.counselschambers.co.uk/,1
https://settings.insta-unlockaccount.com/support,1
https://airy-general-toothpaste.glitch.me/,1
https://ttikshop.shop/ww,1
https://manager.support-fanpages-developers.com/5699012834078O4,1
http://pcmpconsulting.com/nunas-ningeh-idupne/wantah-pisagane-katebasrikala-katambaningosip-27743.html,1
http://drestyr.dfrt.xyz/$/9/req/otp.php,1
https://globalinventorysolutions.com/189/,1
https://adm.coinbasesap.com/home/,1
https://ipfs.io/ipns/k51qzi5uqu5dj1r438820g4z7fzippllu9fwfayqaez3i8hpf7nqss6h6w79yg/,1
https://thebestdeal4u.com/u/,1
https://bktinvest.com/zzz,1
https://ipfs.io/ipns/k51qzi5uqu5dgzk34uvq422ixfl0pez0tda66c52ya5nmi0c1ze2q6ybgntvd0/,1
https://my-awesome-c2b09.firebaseapp.com/,1
http://www.shorten.ee/@zt_1npageadsmetacenterhelp/,1
https://mamaroo.com.ua/wp-includes/css/transferwe/,1
https://exch7srverata.d321791bcrxei5.amplifyapp.com/?vTIPy2K0mY5ynYi-htrNCPhQFCkzF14ihGKH0x1jZ1xpzx6bdcbda12fa32ca092ced51e074c47dc67e10e0c92cddf48eee61b1b92ea93,1
http://www.copiershop.in/,1
http://www.himeshkataria.com/,1
http://case-id-1000228256883.counselschambers.co.uk/,1
http://case-id-1000228279355.counselschambers.co.uk/,1
http://instagram-clone-beta-red.vercel.app/,1
http://case-id-1000228279354.counselschambers.co.uk/,1
http://case-id-1000228279685.counselschambers.co.uk/,1
https://jbjggiigrjk.weeblysite.com/,1
http://case-id-1000228279686.counselschambers.co.uk/,1
http://fggddcurrently.weebly.com/,1
http://www.copiershop.in/fe/,1
http://hwj221secured.weebly.com/,1
https://trezor-io-start-r-startin-n.webflow.io/,1
http://chanceteamlinemanagement.weebly.com/,1
http://retrezaxhardy.webflow.io/,1
http://dispositivoapple.com/,1
http://help-ledgersupprtt.webflow.io/,1
http://wailing-vegetable-low.on-fleek.app/,1
http://mjser.jujufei.top/,1
http://coinbaeprcomlogin.godaddysites.com/,1
http://exclink.weebly.com/,1
http://secure--app-coinbasspro--cdn--auth.webflow.io/,1
http://ovwliezvzo.duckdns.org/en/,1
http://help--coiinbasehelp-sso-cdn.webflow.io/,1
http://support-us-ledger-cdn-en-r.webflow.io/,1
http://docs-ledger-cdn-sso.webflow.io/,1
http://start-learn--ledger--cdn.webflow.io/,1
http://start-m---ledger-learn--cdn.webflow.io/,1
http://rogers-eight.vercel.app/,1
https://jperschy5.wixsite.com/my-site-1,1
http://www.copiershop.in/fx/,1
http://3656aaa33.cc/,1
https://sso--app--coinbasepro-cdn---auth.webflow.io/,1
https://helps-coinbasepro--cdn-auth-cdns.webflow.io/,1
https://demo.get-you.biz.id/,1
https://verifypagemanager.top/robots.txt,1
http://case-id-1000228273228.counselschambers.co.uk/,1
http://case-id-1000228275264.counselschambers.co.uk/,1
http://case-id-1000228276612.counselschambers.co.uk/,1
http://case-id-1000228272109.counselschambers.co.uk/,1
http://case-id-1000228256551.colinmoffat.co.uk/,1
http://case-id-1000228246203.counselschambers.co.uk/,1
http://xsd.gin.mybluehost.me/,1
https://sso-en--trezro--io-x-cdn.webflow.io/,1
http://case-id-1000228247182.counselschambers.co.uk/,1
https://connecttoweb3.com/syncwalletnew/,1
https://portal-app-ndax-io-cdn--sec.webflow.io/,1
https://auth-app-crypto-sso-web-ced-r.webflow.io/,1
http://www.shorten.tv/@helpcontact46431/,1
http://erc-bitriver.net/,1
https://help-help-en--us-ledger-supporr.webflow.io/,1
http://gainedfreedomatt.weebly.com/,1
http://start-l-edger-m-sso.webflow.io/,1
http://homemail-1027824.weeblysite.com/,1
http://vqpzv.top/,1
http://suport-metamaskz.webflow.io/,1
https://365xiazai.cc/,1
http://legrlvewallet.webflow.io/,1
https://help-help-en-us-ledger-supporr.webflow.io/,1
https://secure-us-ledger-io.webflow.io/,1
http://currentlyattux.weebly.com/,1
https://public-ledgerlive--in.webflow.io/,1
https://support-us-ledger-cdn-io.webflow.io/,1
https://a4v.8f0.myftpupload.com/agence/12,1
http://www.ulusoymedya.com/,1
http://attbellsouthcurrentlydesk.weebly.com/,1
https://zaquigewoubeu-1274.vercel.app/mixcc.html/,1
https://xbc7y.top/,1
http://aioky.cc/,1
http://pagina.pro/tbn34-fbsp,1
https://ebays.top/,1
https://verification-center-10003260202.bviy6icp.click/,1
http://account-5065999.kurhaus-steina.com/,1
http://www.evonap.com/,1
http://metiimaskwalleltv.godaddysites.com/,1
https://att-103634.weeblysite.com/,1
http://att-103634.square.site/,1
https://verification-center-10003259611.bviy6icp.click/,1
http://case-1053574.bakoweb.com/,1
https://verification-center-10003255678.bviy6icp.click/,1
https://ebays.top/appLogin/,1
http://bet6205365.com/,1
http://abhishekch20.github.io/netflix-clone,1
https://steamcommunurty.com/id/7656129504421645,1
http://www.a8b0c6.cn/,1
http://www.arzeoils.com/,1
http://metamask_lugrnusa.godaddysites.com/,1
http://abduazim10.github.io/steam.io,1
http://case-id-1000228280619.counselschambers.co.uk/,1
http://case-id-1000228274996.counselschambers.co.uk/,1
http://case-id-1000228292718.counselschambers.co.uk/,1
http://tokenpockgt.click/,1
http://aaromal527.github.io/netflix-clone,1
http://fnjunfuifh.weeblysite.com/,1
https://currentlynmattfolders00900.weebly.com/,1
https://verification-center-10003259183.bviy6icp.click/,1
http://case-1022727.bakoweb.com/,1
https://verification-center-10003255280.bviy6icp.click/,1
http://14792bf6.helper3002-eiir3332321.pages.dev/help,1
http://frwayz.vercel.app/,1
http://hsio02.pages.dev/,1
http://bafybeifruh7773k47pdrqoiptvwu2alhzacgio7ztox7r4525o5ffasvoa.ipfs.dweb.link/,1
http://logistics-web-indo.luaninf0.com/,1
https://verification-center-10003259006.bviy6icp.click/,1
http://help-1075270.bakoweb.com/,1
https://verification-center-10003255095.bviy6icp.click/,1
http://bt-102046.weeblysite.com/,1
http://abhinay632.github.io/Netflixclone,1
http://aashu2709.github.io/netflix-clone,1
http://trtrezohardwarwait.webflow.io/,1
http://secure--suite--i--trozors.webflow.io/,1
http://closingstatementandcontract.us-southeast-1.linodeobjects.com/closingstatementandcontract.html,1
http://review-your-violation-remove-meta.vercel.app/,1
https://sso--robinhood-cdn-en-us-auth.webflow.io/,1
http://130365.vip/game/fish,1
https://sso-robinhood-cdn-en-us-auth.webflow.io/,1
https://sso-en--ledgr--app-h-cdn.webflow.io/,1
https://opportunity-for-free-blue-badge.vercel.app/,1
http://abhinavgarga07.github.io/netflix,1
https://ngx304.inmotionhosting.com/~na88da5/user2/8877347JH/B.php?cred=1,1
http://ccukoinnloggi.godaddysites.com/,1
http://case-id-1000228277781.counselschambers.co.uk/,1
http://case-id-1000228253212.counselschambers.co.uk/,1
http://www.ledgerdevicestatus.com/,1
http://case-id-1000228267828.counselschambers.co.uk/,1
http://gemini-logim.godaddysites.com/,1
http://amazon-cl-jdj6v3tk4-muhammad-sauds-projects.vercel.app/,1
https://secure-coinbasepro--cdn-auths--cdn.webflow.io/,1
https://551008o.cc/sports_list.html,1
http://case-id-1000228246202.counselschambers.co.uk/,1
http://case-id-1000228275176.counselschambers.co.uk/,1
http://case-id-1000228268908.counselschambers.co.uk/,1
http://case-id-1000228265556.counselschambers.co.uk/,1
http://case-id-1000228254429.counselschambers.co.uk/,1
https://sso---coinbasepro-cdn--z--auth.webflow.io/,1
https://pub-60d312a8744b48ab85e0083e881ed927.r2.dev/index.html?60d5dedde965fad92b77dd07e167fa,1
https://coinnbaaseprologinn.webflow.io/,1
https://netflix-redesign-ten.vercel.app/,1
http://amazonl3.vip/,1
https://currently072.weebly.com/,1
